---,AttackDamageCoeff,HealthCoeff,ManaCoeff,StaminaCoeff,DefenceCoeff,ShieldGaugeCoeff,MoveSpeedCoeff,AttackSpeedCoeff
0,"2.000000","4.000000","2.000000","2.000000","1.800000","2.000000","1.000000","0.005000"
1,"3.000000","2.000000","4.000000","1.500000","0.800000","0.000000","0.800000","0.001000"
2,"1.500000","3.000000","3.000000","1.800000","1.000000","0.000000","1.200000","0.050000"
